scenario_name,tokenizer_name,context_window,reserved_output_tokens,prompt_tokens,prefill_load,base_ttft_ms,prefill_time_per_1k_tokens_ms,estimated_ttft_ms,estimated_ttft_seconds,interpretation
packed_prompt_8192,TinyLlama/TinyLlama-1.1B-Chat-v1.0,8192,512,3877,medium,100,40,255.08,0.2551,"Using packed prompt tokens=3877, this scenario has medium prefill load and an estimated TTFT of about 255.08 ms. This is only a simulation, not a real benchmark."
packed_prompt_32768,TinyLlama/TinyLlama-1.1B-Chat-v1.0,32768,512,3877,medium,100,40,255.08,0.2551,"Using packed prompt tokens=3877, this scenario has medium prefill load and an estimated TTFT of about 255.08 ms. This is only a simulation, not a real benchmark."
packed_prompt_8192,mistralai/Mistral-7B-Instruct-v0.2,8192,512,3836,medium,100,40,253.44,0.2534,"Using packed prompt tokens=3836, this scenario has medium prefill load and an estimated TTFT of about 253.44 ms. This is only a simulation, not a real benchmark."
packed_prompt_32768,mistralai/Mistral-7B-Instruct-v0.2,32768,512,3836,medium,100,40,253.44,0.2534,"Using packed prompt tokens=3836, this scenario has medium prefill load and an estimated TTFT of about 253.44 ms. This is only a simulation, not a real benchmark."
packed_prompt_4096,Qwen/Qwen2.5-1.5B-Instruct,4096,512,3371,medium,100,40,234.84,0.2348,"Using packed prompt tokens=3371, this scenario has medium prefill load and an estimated TTFT of about 234.84 ms. This is only a simulation, not a real benchmark."
packed_prompt_8192,Qwen/Qwen2.5-1.5B-Instruct,8192,512,3371,medium,100,40,234.84,0.2348,"Using packed prompt tokens=3371, this scenario has medium prefill load and an estimated TTFT of about 234.84 ms. This is only a simulation, not a real benchmark."
packed_prompt_32768,Qwen/Qwen2.5-1.5B-Instruct,32768,512,3371,medium,100,40,234.84,0.2348,"Using packed prompt tokens=3371, this scenario has medium prefill load and an estimated TTFT of about 234.84 ms. This is only a simulation, not a real benchmark."
packed_prompt_4096,TinyLlama/TinyLlama-1.1B-Chat-v1.0,4096,512,2663,medium,100,40,206.52,0.2065,"Using packed prompt tokens=2663, this scenario has medium prefill load and an estimated TTFT of about 206.52 ms. This is only a simulation, not a real benchmark."
packed_prompt_4096,mistralai/Mistral-7B-Instruct-v0.2,4096,512,2621,medium,100,40,204.84,0.2048,"Using packed prompt tokens=2621, this scenario has medium prefill load and an estimated TTFT of about 204.84 ms. This is only a simulation, not a real benchmark."
