category,tokenizer_name,text,character_count,word_count,token_count,tokens_per_word,tokens_per_character,token_pieces
Telugu sentence,google/gemma-2-2b-it -> gpt2,"నేను ఎల్ ఎల్ ఎం ఇన్‌ఫరెన్స్ గురించి నేర్చుకుంటున్నాను, అందుకే టోకెనైజేషన్‌ని పరిశీలిస్తున్నాను.",95,10,261,26.1,2.7474,"['à', '°', '¨', 'à', '±', 'ĩ', 'à', '°', '¨', 'à', '±', 'ģ', 'Ġ', 'à', '°', 'İ', 'à', '°', '²', 'à', '±', 'į', 'Ġ', 'à', '°', 'İ', 'à', '°', '²', 'à', '±', 'į', 'Ġ', 'à', '°', 'İ', 'à', '°', 'Ĥ', 'Ġ', 'à', '°', 'ĩ', 'à', '°', '¨', 'à', '±', 'į', 'âĢ', 'Į', 'à', '°', '«', 'à', '°', '°', 'à', '±', 'Ĩ', 'à', '°', '¨', 'à', '±', 'į', 'à', '°', '¸', 'à', '±', 'į', 'Ġ', 'à', '°', 'Ĺ', 'à', '±', 'ģ', 'à', '°', '°', 'à', '°', '¿', 'à', '°', 'Ĥ', 'à', '°', 'ļ', 'à', '°', '¿', 'Ġ', 'à', '°', '¨', 'à', '±', 'ĩ', 'à', '°', '°', 'à', '±', 'į', 'à', '°', 'ļ', 'à', '±', 'ģ', 'à', '°', 'ķ', 'à', '±', 'ģ', 'à', '°', 'Ĥ', 'à', '°', 'Ł', 'à', '±', 'ģ', 'à', '°', '¨', 'à', '±', 'į', 'à', '°', '¨', 'à', '°', '¾', 'à', '°', '¨', 'à', '±', 'ģ', ',', 'Ġ', 'à', '°', 'ħ', 'à', '°', 'Ĥ', 'à', '°', '¦', 'à', '±', 'ģ', 'à', '°', 'ķ', 'à', '±', 'ĩ', 'Ġ', 'à', '°', 'Ł', 'à', '±', 'ĭ', 'à', '°', 'ķ', 'à', '±', 'Ĩ', 'à', '°', '¨', 'à', '±', 'Ī', 'à', '°', 'ľ', 'à', '±', 'ĩ', 'à', '°', '·', 'à', '°', '¨', 'à', '±', 'į', 'âĢ', 'Į', 'à', '°', '¨', 'à', '°', '¿', 'Ġ', 'à', '°', 'ª', 'à', '°', '°', 'à', '°', '¿', 'à', '°', '¶', 'à', '±', 'Ģ', 'à', '°', '²', 'à', '°', '¿', 'à', '°', '¸', 'à', '±', 'į', 'à', '°', '¤', 'à', '±', 'ģ', 'à', '°', '¨', 'à', '±', 'į', 'à', '°', '¨', 'à', '°', '¾', 'à', '°', '¨', 'à', '±', 'ģ', '.']"
Telugu sentence,mistralai/Mistral-7B-Instruct-v0.2,"నేను ఎల్ ఎల్ ఎం ఇన్‌ఫరెన్స్ గురించి నేర్చుకుంటున్నాను, అందుకే టోకెనైజేషన్‌ని పరిశీలిస్తున్నాను.",95,10,150,15.0,1.5789,"['▁', 'న', '<0xE0>', '<0xB1>', '<0x87>', 'న', 'ు', '▁', '<0xE0>', '<0xB0>', '<0x8E>', 'ల', '్', '▁', '<0xE0>', '<0xB0>', '<0x8E>', 'ల', '్', '▁', '<0xE0>', '<0xB0>', '<0x8E>', 'ం', '▁', '<0xE0>', '<0xB0>', '<0x87>', 'న', '్', '\u200c', '<0xE0>', '<0xB0>', '<0xAB>', 'ర', '<0xE0>', '<0xB1>', '<0x86>', 'న', '్', '<0xE0>', '<0xB0>', '<0xB8>', '్', '▁', '<0xE0>', '<0xB0>', '<0x97>', 'ు', 'ర', 'ి', 'ం', '<0xE0>', '<0xB0>', '<0x9A>', 'ి', '▁', 'న', '<0xE0>', '<0xB1>', '<0x87>', 'ర', '్', '<0xE0>', '<0xB0>', '<0x9A>', 'ు', 'క', 'ు', 'ం', '<0xE0>', '<0xB0>', '<0x9F>', 'ు', 'న', '్', 'న', 'ా', 'న', 'ు', ',', '▁', '<0xE0>', '<0xB0>', '<0x85>', 'ం', '<0xE0>', '<0xB0>', '<0xA6>', 'ు', 'క', '<0xE0>', '<0xB1>', '<0x87>', '▁', '<0xE0>', '<0xB0>', '<0x9F>', '<0xE0>', '<0xB1>', '<0x8B>', 'క', '<0xE0>', '<0xB1>', '<0x86>', 'న', '<0xE0>', '<0xB1>', '<0x88>', '<0xE0>', '<0xB0>', '<0x9C>', '<0xE0>', '<0xB1>', '<0x87>', '<0xE0>', '<0xB0>', '<0xB7>', 'న', '్', '\u200c', 'న', 'ి', '▁', '<0xE0>', '<0xB0>', '<0xAA>', 'ర', 'ి', '<0xE0>', '<0xB0>', '<0xB6>', '<0xE0>', '<0xB1>', '<0x80>', 'ల', 'ి', '<0xE0>', '<0xB0>', '<0xB8>', '్', 'త', 'ు', 'న', '్', 'న', 'ా', 'న', 'ు', '.']"
Telugu sentence,Qwen/Qwen2.5-1.5B-Instruct,"నేను ఎల్ ఎల్ ఎం ఇన్‌ఫరెన్స్ గురించి నేర్చుకుంటున్నాను, అందుకే టోకెనైజేషన్‌ని పరిశీలిస్తున్నాను.",95,10,142,14.2,1.4947,"['à°¨', 'à±', 'ĩ', 'à°¨', 'à±', 'ģ', 'Ġà°', 'İ', 'à°²', 'à±', 'į', 'Ġà°', 'İ', 'à°²', 'à±', 'į', 'Ġà°', 'İ', 'à°', 'Ĥ', 'Ġà°', 'ĩ', 'à°¨', 'à±', 'į', 'âĢĮ', 'à°', '«', 'à°°', 'à±', 'Ĩ', 'à°¨', 'à±', 'į', 'à°', '¸', 'à±', 'į', 'Ġà°', 'Ĺ', 'à±', 'ģ', 'à°°', 'à°', '¿', 'à°', 'Ĥ', 'à°', 'ļ', 'à°', '¿', 'Ġà°', '¨', 'à±', 'ĩ', 'à°°', 'à±', 'į', 'à°', 'ļ', 'à±', 'ģ', 'à°ķ', 'à±', 'ģ', 'à°', 'Ĥ', 'à°', 'Ł', 'à±', 'ģ', 'à°¨', 'à±', 'į', 'à°¨', 'à°', '¾', 'à°¨', 'à±', 'ģ', ',', 'Ġà°', 'ħ', 'à°', 'Ĥ', 'à°¦', 'à±', 'ģ', 'à°ķ', 'à±', 'ĩ', 'Ġà°', 'Ł', 'à±', 'ĭ', 'à°ķ', 'à±', 'Ĩ', 'à°¨', 'à±', 'Ī', 'à°ľ', 'à±', 'ĩ', 'à°', '·', 'à°¨', 'à±', 'į', 'âĢĮ', 'à°¨', 'à°', '¿', 'Ġà°', 'ª', 'à°°', 'à°', '¿', 'à°', '¶', 'à±', 'Ģ', 'à°²', 'à°', '¿', 'à°', '¸', 'à±', 'į', 'à°¤', 'à±', 'ģ', 'à°¨', 'à±', 'į', 'à°¨', 'à°', '¾', 'à°¨', 'à±', 'ģ', '.']"
numbers-heavy text,mistralai/Mistral-7B-Instruct-v0.2,"Batch sizes 1, 4, 8, 16, 32 and 64 produced latencies of 122.5ms, 98.1ms, 87.4ms, 84.2ms, 83.9ms and 91.7ms on 2026-06-22.",122,21,82,3.9048,0.6721,"['▁B', 'atch', '▁sizes', '▁', '1', ',', '▁', '4', ',', '▁', '8', ',', '▁', '1', '6', ',', '▁', '3', '2', '▁and', '▁', '6', '4', '▁produced', '▁lat', 'encies', '▁of', '▁', '1', '2', '2', '.', '5', 'ms', ',', '▁', '9', '8', '.', '1', 'ms', ',', '▁', '8', '7', '.', '4', 'ms', ',', '▁', '8', '4', '.', '2', 'ms', ',', '▁', '8', '3', '.', '9', 'ms', '▁and', '▁', '9', '1', '.', '7', 'ms', '▁on', '▁', '2', '0', '2', '6', '-', '0', '6', '-', '2', '2', '.']"
numbers-heavy text,Qwen/Qwen2.5-1.5B-Instruct,"Batch sizes 1, 4, 8, 16, 32 and 64 produced latencies of 122.5ms, 98.1ms, 87.4ms, 84.2ms, 83.9ms and 91.7ms on 2026-06-22.",122,21,81,3.8571,0.6639,"['Batch', 'Ġsizes', 'Ġ', '1', ',', 'Ġ', '4', ',', 'Ġ', '8', ',', 'Ġ', '1', '6', ',', 'Ġ', '3', '2', 'Ġand', 'Ġ', '6', '4', 'Ġproduced', 'Ġlat', 'encies', 'Ġof', 'Ġ', '1', '2', '2', '.', '5', 'ms', ',', 'Ġ', '9', '8', '.', '1', 'ms', ',', 'Ġ', '8', '7', '.', '4', 'ms', ',', 'Ġ', '8', '4', '.', '2', 'ms', ',', 'Ġ', '8', '3', '.', '9', 'ms', 'Ġand', 'Ġ', '9', '1', '.', '7', 'ms', 'Ġon', 'Ġ', '2', '0', '2', '6', '-', '0', '6', '-', '2', '2', '.']"
long English paragraph,mistralai/Mistral-7B-Instruct-v0.2,"Large language model inference starts long before text generation. A tokenizer first converts raw text into smaller vocabulary units, and those token choices affect cost, context usage, and latency. Even when two models read the same sentence, their tokenizers may split code, punctuation, and multilingual text differently, which changes how much work the model needs to do.",375,57,76,1.3333,0.2027,"['▁Large', '▁language', '▁model', '▁in', 'ference', '▁starts', '▁long', '▁before', '▁text', '▁generation', '.', '▁A', '▁token', 'izer', '▁first', '▁conver', 'ts', '▁raw', '▁text', '▁into', '▁smaller', '▁voc', 'abulary', '▁units', ',', '▁and', '▁those', '▁token', '▁choices', '▁affect', '▁cost', ',', '▁context', '▁usage', ',', '▁and', '▁lat', 'ency', '.', '▁Even', '▁when', '▁two', '▁models', '▁read', '▁the', '▁same', '▁sentence', ',', '▁their', '▁token', 'izers', '▁may', '▁split', '▁code', ',', '▁punct', 'uation', ',', '▁and', '▁mult', 'iling', 'ual', '▁text', '▁differently', ',', '▁which', '▁changes', '▁how', '▁much', '▁work', '▁the', '▁model', '▁needs', '▁to', '▁do', '.']"
long English paragraph,google/gemma-2-2b-it -> gpt2,"Large language model inference starts long before text generation. A tokenizer first converts raw text into smaller vocabulary units, and those token choices affect cost, context usage, and latency. Even when two models read the same sentence, their tokenizers may split code, punctuation, and multilingual text differently, which changes how much work the model needs to do.",375,57,71,1.2456,0.1893,"['Large', 'Ġlanguage', 'Ġmodel', 'Ġinference', 'Ġstarts', 'Ġlong', 'Ġbefore', 'Ġtext', 'Ġgeneration', '.', 'ĠA', 'Ġtoken', 'izer', 'Ġfirst', 'Ġconverts', 'Ġraw', 'Ġtext', 'Ġinto', 'Ġsmaller', 'Ġvocabulary', 'Ġunits', ',', 'Ġand', 'Ġthose', 'Ġtoken', 'Ġchoices', 'Ġaffect', 'Ġcost', ',', 'Ġcontext', 'Ġusage', ',', 'Ġand', 'Ġlatency', '.', 'ĠEven', 'Ġwhen', 'Ġtwo', 'Ġmodels', 'Ġread', 'Ġthe', 'Ġsame', 'Ġsentence', ',', 'Ġtheir', 'Ġtoken', 'izers', 'Ġmay', 'Ġsplit', 'Ġcode', ',', 'Ġpunct', 'uation', ',', 'Ġand', 'Ġmult', 'ilingual', 'Ġtext', 'Ġdifferently', ',', 'Ġwhich', 'Ġchanges', 'Ġhow', 'Ġmuch', 'Ġwork', 'Ġthe', 'Ġmodel', 'Ġneeds', 'Ġto', 'Ġdo', '.']"
long English paragraph,Qwen/Qwen2.5-1.5B-Instruct,"Large language model inference starts long before text generation. A tokenizer first converts raw text into smaller vocabulary units, and those token choices affect cost, context usage, and latency. Even when two models read the same sentence, their tokenizers may split code, punctuation, and multilingual text differently, which changes how much work the model needs to do.",375,57,69,1.2105,0.184,"['Large', 'Ġlanguage', 'Ġmodel', 'Ġinference', 'Ġstarts', 'Ġlong', 'Ġbefore', 'Ġtext', 'Ġgeneration', '.', 'ĠA', 'Ġtokenizer', 'Ġfirst', 'Ġconverts', 'Ġraw', 'Ġtext', 'Ġinto', 'Ġsmaller', 'Ġvocabulary', 'Ġunits', ',', 'Ġand', 'Ġthose', 'Ġtoken', 'Ġchoices', 'Ġaffect', 'Ġcost', ',', 'Ġcontext', 'Ġusage', ',', 'Ġand', 'Ġlatency', '.', 'ĠEven', 'Ġwhen', 'Ġtwo', 'Ġmodels', 'Ġread', 'Ġthe', 'Ġsame', 'Ġsentence', ',', 'Ġtheir', 'Ġtoken', 'izers', 'Ġmay', 'Ġsplit', 'Ġcode', ',', 'Ġpunctuation', ',', 'Ġand', 'Ġmult', 'ilingual', 'Ġtext', 'Ġdifferently', ',', 'Ġwhich', 'Ġchanges', 'Ġhow', 'Ġmuch', 'Ġwork', 'Ġthe', 'Ġmodel', 'Ġneeds', 'Ġto', 'Ġdo', '.']"
numbers-heavy text,google/gemma-2-2b-it -> gpt2,"Batch sizes 1, 4, 8, 16, 32 and 64 produced latencies of 122.5ms, 98.1ms, 87.4ms, 84.2ms, 83.9ms and 91.7ms on 2026-06-22.",122,21,55,2.619,0.4508,"['B', 'atch', 'Ġsizes', 'Ġ1', ',', 'Ġ4', ',', 'Ġ8', ',', 'Ġ16', ',', 'Ġ32', 'Ġand', 'Ġ64', 'Ġproduced', 'Ġlat', 'encies', 'Ġof', 'Ġ122', '.', '5', 'ms', ',', 'Ġ98', '.', '1', 'ms', ',', 'Ġ87', '.', '4', 'ms', ',', 'Ġ84', '.', '2', 'ms', ',', 'Ġ83', '.', '9', 'ms', 'Ġand', 'Ġ91', '.', '7', 'ms', 'Ġon', 'Ġ20', '26', '-', '06', '-', '22', '.']"
Python code,mistralai/Mistral-7B-Instruct-v0.2,"def estimate_cost(tokens, price_per_million=0.15):
    total = (tokens / 1_000_000) * price_per_million
    return round(total, 6)",130,13,54,4.1538,0.4154,"['▁def', '▁estimate', '_', 'cost', '(', 'tokens', ',', '▁price', '_', 'per', '_', 'mill', 'ion', '=', '0', '.', '1', '5', '):', '<0x0A>', '▁▁▁', '▁total', '▁=', '▁(', 'tokens', '▁/', '▁', '1', '_', '0', '0', '0', '_', '0', '0', '0', ')', '▁*', '▁price', '_', 'per', '_', 'mill', 'ion', '<0x0A>', '▁▁▁', '▁return', '▁round', '(', 'total', ',', '▁', '6', ')']"
Python code,google/gemma-2-2b-it -> gpt2,"def estimate_cost(tokens, price_per_million=0.15):
    total = (tokens / 1_000_000) * price_per_million
    return round(total, 6)",130,13,53,4.0769,0.4077,"['def', 'Ġestimate', '_', 'cost', '(', 't', 'ok', 'ens', ',', 'Ġprice', '_', 'per', '_', 'million', '=', '0', '.', '15', '):', 'Ċ', 'Ġ', 'Ġ', 'Ġ', 'Ġtotal', 'Ġ=', 'Ġ(', 't', 'ok', 'ens', 'Ġ/', 'Ġ1', '_', '000', '_', '000', ')', 'Ġ*', 'Ġprice', '_', 'per', '_', 'million', 'Ċ', 'Ġ', 'Ġ', 'Ġ', 'Ġreturn', 'Ġround', '(', 'total', ',', 'Ġ6', ')']"
SQL query,mistralai/Mistral-7B-Instruct-v0.2,"SELECT model_name, AVG(latency_ms) AS avg_latency FROM inference_logs WHERE status = 'success' GROUP BY model_name ORDER BY avg_latency ASC;",140,18,49,2.7222,0.35,"['▁SE', 'LECT', '▁model', '_', 'name', ',', '▁AV', 'G', '(', 'lat', 'ency', '_', 'ms', ')', '▁AS', '▁av', 'g', '_', 'lat', 'ency', '▁FROM', '▁in', 'ference', '_', 'logs', '▁WHERE', '▁status', '▁=', ""▁'"", 'success', ""'"", '▁G', 'RO', 'UP', '▁BY', '▁model', '_', 'name', '▁OR', 'DER', '▁BY', '▁av', 'g', '_', 'lat', 'ency', '▁A', 'SC', ';']"
Python code,Qwen/Qwen2.5-1.5B-Instruct,"def estimate_cost(tokens, price_per_million=0.15):
    total = (tokens / 1_000_000) * price_per_million
    return round(total, 6)",130,13,46,3.5385,0.3538,"['def', 'Ġestimate', '_cost', '(tokens', ',', 'Ġprice', '_per', '_m', 'illion', '=', '0', '.', '1', '5', '):Ċ', 'ĠĠĠ', 'Ġtotal', 'Ġ=', 'Ġ(', 'tokens', 'Ġ/', 'Ġ', '1', '_', '0', '0', '0', '_', '0', '0', '0', ')', 'Ġ*', 'Ġprice', '_per', '_m', 'illion', 'Ċ', 'ĠĠĠ', 'Ġreturn', 'Ġround', '(total', ',', 'Ġ', '6', ')']"
JSON payload,google/gemma-2-2b-it -> gpt2,"{""model"":""qwen2.5"",""prompt_tokens"":128,""decode_tokens"":64,""use_cache"":true,""metadata"":{""team"":""infra"",""env"":""dev""}}",115,1,45,45.0,0.3913,"['{""', 'model', '"":""', 'q', 'wen', '2', '.', '5', '"",""', 'prom', 'pt', '_', 't', 'ok', 'ens', '"":', '128', ',""', 'dec', 'ode', '_', 't', 'ok', 'ens', '"":', '64', ',""', 'use', '_', 'cache', '"":', 'true', ',""', 'metadata', '"":{""', 'team', '"":""', 'inf', 'ra', '"",""', 'env', '"":""', 'dev', '""', '}}']"
JSON payload,mistralai/Mistral-7B-Instruct-v0.2,"{""model"":""qwen2.5"",""prompt_tokens"":128,""decode_tokens"":64,""use_cache"":true,""metadata"":{""team"":""infra"",""env"":""dev""}}",115,1,44,44.0,0.3826,"['▁{""', 'model', '"":""', 'q', 'wen', '2', '.', '5', '"",""', 'prom', 'pt', '_', 'tokens', '"":', '1', '2', '8', ',""', 'decode', '_', 'tokens', '"":', '6', '4', ',""', 'use', '_', 'cache', '"":', 'true', ',""', 'metadata', '"":', '{""', 'team', '"":""', 'inf', 'ra', '"",""', 'env', '"":""', 'dev', '""', '}}']"
emoji-heavy text,mistralai/Mistral-7B-Instruct-v0.2,"The launch looked great 🚀🔥, but the logs were noisy 😅📉 and the retry loop kept spinning 🔁🤖 until the queue recovered ✅.",119,23,42,1.8261,0.3529,"['▁The', '▁launch', '▁looked', '▁great', '▁', '🚀', '🔥', ',', '▁but', '▁the', '▁logs', '▁were', '▁no', 'isy', '▁', '😅', '<0xF0>', '<0x9F>', '<0x93>', '<0x89>', '▁and', '▁the', '▁retry', '▁loop', '▁kept', '▁spinning', '▁', '<0xF0>', '<0x9F>', '<0x94>', '<0x81>', '<0xF0>', '<0x9F>', '<0xA4>', '<0x96>', '▁until', '▁the', '▁queue', '▁recovered', '▁', '✅', '.']"
emoji-heavy text,google/gemma-2-2b-it -> gpt2,"The launch looked great 🚀🔥, but the logs were noisy 😅📉 and the retry loop kept spinning 🔁🤖 until the queue recovered ✅.",119,23,41,1.7826,0.3445,"['The', 'Ġlaunch', 'Ġlooked', 'Ġgreat', 'ĠðŁ', 'ļ', 'Ģ', 'ðŁ', 'Ķ', '¥', ',', 'Ġbut', 'Ġthe', 'Ġlogs', 'Ġwere', 'Ġnoisy', 'ĠðŁ', 'ĺħ', 'ðŁ', 'ĵ', 'ī', 'Ġand', 'Ġthe', 'Ġret', 'ry', 'Ġloop', 'Ġkept', 'Ġspinning', 'ĠðŁ', 'Ķ', 'ģ', 'ðŁ', '¤', 'ĸ', 'Ġuntil', 'Ġthe', 'Ġqueue', 'Ġrecovered', 'Ġâľ', 'ħ', '.']"
SQL query,google/gemma-2-2b-it -> gpt2,"SELECT model_name, AVG(latency_ms) AS avg_latency FROM inference_logs WHERE status = 'success' GROUP BY model_name ORDER BY avg_latency ASC;",140,18,41,2.2778,0.2929,"['SELECT', 'Ġmodel', '_', 'name', ',', 'ĠAVG', '(', 'lat', 'ency', '_', 'ms', ')', 'ĠAS', 'Ġavg', '_', 'lat', 'ency', 'ĠFROM', 'Ġinference', '_', 'log', 's', 'ĠWHERE', 'Ġstatus', 'Ġ=', ""Ġ'"", 'success', ""'"", 'ĠGROUP', 'ĠBY', 'Ġmodel', '_', 'name', 'ĠORDER', 'ĠBY', 'Ġavg', '_', 'lat', 'ency', 'ĠASC', ';']"
punctuation-heavy text,mistralai/Mistral-7B-Instruct-v0.2,"Wait... what?! --- tokenizers split: commas, colons; braces { }, brackets [ ], slashes /, backslashes \\, and quotes '""' in surprising ways.",140,23,41,1.7826,0.2929,"['▁Wait', '...', '▁what', '?!', '▁---', '▁token', 'izers', '▁split', ':', '▁comm', 'as', ',', '▁col', 'ons', ';', '▁br', 'aces', '▁{', '▁},', '▁br', 'ack', 'ets', '▁[', '▁],', '▁sl', 'ashes', '▁/', ',', '▁back', 'sl', 'ashes', '▁\\\\', ',', '▁and', '▁quotes', '▁\'""', ""'"", '▁in', '▁surprising', '▁ways', '.']"
punctuation-heavy text,google/gemma-2-2b-it -> gpt2,"Wait... what?! --- tokenizers split: commas, colons; braces { }, brackets [ ], slashes /, backslashes \\, and quotes '""' in surprising ways.",140,23,38,1.6522,0.2714,"['Wait', '...', 'Ġwhat', '?!', 'Ġ---', 'Ġtoken', 'izers', 'Ġsplit', ':', 'Ġcomm', 'as', ',', 'Ġcol', 'ons', ';', 'Ġbraces', 'Ġ{', 'Ġ},', 'Ġbrackets', 'Ġ[', 'Ġ],', 'Ġsl', 'ashes', 'Ġ/', ',', 'Ġback', 'sl', 'ashes', 'Ġ\\\\', ',', 'Ġand', 'Ġquotes', ""Ġ'"", '""\'', 'Ġin', 'Ġsurprising', 'Ġways', '.']"
JSON payload,Qwen/Qwen2.5-1.5B-Instruct,"{""model"":""qwen2.5"",""prompt_tokens"":128,""decode_tokens"":64,""use_cache"":true,""metadata"":{""team"":""infra"",""env"":""dev""}}",115,1,37,37.0,0.3217,"['{""', 'model', '"":""', 'q', 'wen', '2', '.', '5', '"",""', 'prompt', '_tokens', '"":', '1', '2', '8', ',""', 'decode', '_tokens', '"":', '6', '4', ',""', 'use', '_cache', '"":', 'true', ',""', 'metadata', '"":{""', 'team', '"":""', 'infra', '"",""', 'env', '"":""', 'dev', '""}}']"
punctuation-heavy text,Qwen/Qwen2.5-1.5B-Instruct,"Wait... what?! --- tokenizers split: commas, colons; braces { }, brackets [ ], slashes /, backslashes \\, and quotes '""' in surprising ways.",140,23,34,1.4783,0.2429,"['Wait', '...', 'Ġwhat', '?!', 'Ġ---', 'Ġtoken', 'izers', 'Ġsplit', ':', 'Ġcommas', ',', 'Ġcol', 'ons', ';', 'Ġbraces', 'Ġ{', 'Ġ},', 'Ġbrackets', 'Ġ[', 'Ġ],', 'Ġslashes', 'Ġ/', ',', 'Ġback', 'slashes', 'Ġ\\\\', ',', 'Ġand', 'Ġquotes', 'Ġ\'""\'', 'Ġin', 'Ġsurprising', 'Ġways', '.']"
emoji-heavy text,Qwen/Qwen2.5-1.5B-Instruct,"The launch looked great 🚀🔥, but the logs were noisy 😅📉 and the retry loop kept spinning 🔁🤖 until the queue recovered ✅.",119,23,33,1.4348,0.2773,"['The', 'Ġlaunch', 'Ġlooked', 'Ġgreat', 'ĠðŁ', 'ļ', 'Ģ', 'ðŁĶ¥', ',', 'Ġbut', 'Ġthe', 'Ġlogs', 'Ġwere', 'Ġnoisy', 'ĠðŁĺ', 'ħ', 'ðŁĵī', 'Ġand', 'Ġthe', 'Ġretry', 'Ġloop', 'Ġkept', 'Ġspinning', 'ĠðŁĶ', 'ģ', 'ðŁ¤ĸ', 'Ġuntil', 'Ġthe', 'Ġqueue', 'Ġrecovered', 'Ġâľ', 'ħ', '.']"
SQL query,Qwen/Qwen2.5-1.5B-Instruct,"SELECT model_name, AVG(latency_ms) AS avg_latency FROM inference_logs WHERE status = 'success' GROUP BY model_name ORDER BY avg_latency ASC;",140,18,31,1.7222,0.2214,"['SELECT', 'Ġmodel', '_name', ',', 'ĠAVG', '(lat', 'ency', '_ms', ')', 'ĠAS', 'Ġavg', '_latency', 'ĠFROM', 'Ġinference', '_logs', 'ĠWHERE', 'Ġstatus', 'Ġ=', ""Ġ'"", 'success', ""'"", 'ĠGROUP', 'ĠBY', 'Ġmodel', '_name', 'ĠORDER', 'ĠBY', 'Ġavg', '_latency', 'ĠASC', ';']"
extra spaces and newlines,mistralai/Mistral-7B-Instruct-v0.2,"Prompt packing can change counts.

This line has extra spaces.    This part has tabs		and uneven spacing.",105,17,29,1.7059,0.2762,"['▁Prom', 'pt', '▁packing', '▁can', '▁change', '▁counts', '.', '<0x0A>', '<0x0A>', 'This', '▁line', '▁has', '▁extra', '▁spaces', '.', '▁▁▁', '▁This', '▁part', '▁has', '▁t', 'abs', '<0x09>', '<0x09>', 'and', '▁une', 'ven', '▁sp', 'acing', '.']"
extra spaces and newlines,google/gemma-2-2b-it -> gpt2,"Prompt packing can change counts.

This line has extra spaces.    This part has tabs		and uneven spacing.",105,17,28,1.6471,0.2667,"['Prom', 'pt', 'Ġpacking', 'Ġcan', 'Ġchange', 'Ġcounts', '.', 'Ċ', 'Ċ', 'This', 'Ġline', 'Ġhas', 'Ġextra', 'Ġspaces', '.', 'Ġ', 'Ġ', 'Ġ', 'ĠThis', 'Ġpart', 'Ġhas', 'Ġtabs', 'ĉ', 'ĉ', 'and', 'Ġuneven', 'Ġspacing', '.']"
extra spaces and newlines,Qwen/Qwen2.5-1.5B-Instruct,"Prompt packing can change counts.

This line has extra spaces.    This part has tabs		and uneven spacing.",105,17,22,1.2941,0.2095,"['Prompt', 'Ġpacking', 'Ġcan', 'Ġchange', 'Ġcounts', '.ĊĊ', 'This', 'Ġline', 'Ġhas', 'Ġextra', 'Ġspaces', '.', 'ĠĠĠ', 'ĠThis', 'Ġpart', 'Ġhas', 'Ġtabs', 'ĉ', 'ĉand', 'Ġuneven', 'Ġspacing', '.']"
simple English sentence,mistralai/Mistral-7B-Instruct-v0.2,"Hello, I am learning how tokenizers break text into model-readable pieces.",74,11,17,1.5455,0.2297,"['▁Hello', ',', '▁I', '▁am', '▁learning', '▁how', '▁token', 'izers', '▁break', '▁text', '▁into', '▁model', '-', 'read', 'able', '▁pieces', '.']"
simple English sentence,google/gemma-2-2b-it -> gpt2,"Hello, I am learning how tokenizers break text into model-readable pieces.",74,11,16,1.4545,0.2162,"['Hello', ',', 'ĠI', 'Ġam', 'Ġlearning', 'Ġhow', 'Ġtoken', 'izers', 'Ġbreak', 'Ġtext', 'Ġinto', 'Ġmodel', '-', 'readable', 'Ġpieces', '.']"
simple English sentence,Qwen/Qwen2.5-1.5B-Instruct,"Hello, I am learning how tokenizers break text into model-readable pieces.",74,11,15,1.3636,0.2027,"['Hello', ',', 'ĠI', 'Ġam', 'Ġlearning', 'Ġhow', 'Ġtoken', 'izers', 'Ġbreak', 'Ġtext', 'Ġinto', 'Ġmodel', '-readable', 'Ġpieces', '.']"
